,precision,recall,f1-score,support
0,0.9540540540540541,0.9778393351800554,0.9658002735978113,361.0
1,0.9757575757575757,0.9498525073746312,0.9626307922272047,339.0
accuracy,0.9642857142857143,0.9642857142857143,0.9642857142857143,0.9642857142857143
macro avg,0.964905814905815,0.9638459212773434,0.9642155329125079,700.0
weighted avg,0.9645647595647595,0.9642857142857143,0.9642653390483318,700.0
