,precision,recall,f1-score,support
0,0.8628230616302187,0.8821138211382114,0.8723618090452261,492.0
1,0.4835164835164835,0.5569620253164557,0.5176470588235295,79.0
2,0.5625,0.4891304347826087,0.5232558139534884,92.0
3,0.4375,0.3333333333333333,0.37837837837837834,21.0
4,0.5,0.3125,0.38461538461538464,16.0
accuracy,0.7642857142857142,0.7642857142857142,0.7642857142857142,0.7642857142857142
macro avg,0.5692679090293404,0.5148079229141218,0.5352516889632014,700.0
weighted avg,0.7594917835998141,0.7642857142857142,0.7604792209726045,700.0
