,precision,recall,f1-score,support
0,0.8611111111111112,0.9136842105263158,0.8866189989785495,475.0
1,0.6835443037974683,0.5806451612903226,0.627906976744186,93.0
2,0.5306122448979592,0.5531914893617021,0.5416666666666667,94.0
3,0.38461538461538464,0.29411764705882354,0.33333333333333337,17.0
4,0.8333333333333334,0.23809523809523808,0.37037037037037035,21.0
accuracy,0.7857142857142857,0.7857142857142857,0.7857142857142857,0.7857142857142857
macro avg,0.6586432755510514,0.5159467492664804,0.5519792692186212,700.0
weighted avg,0.7807334436997316,0.7857142857142857,0.7770006920901877,700.0
